title,url,thumbnail_url,channel,description
JISOO - â€˜ê½ƒ(FLOWER)â€™ M/V,https://www.youtube.com/watch?v=YudHcBIxlYw,https://i.ytimg.com/vi/YudHcBIxlYw/hqdefault.jpg?sqp=-oaymwEcCPYBEIoBSFXyq4qpAw4IARUAAIhCGAFwAcABBg==&rs=AOn4CLAprBMPXeEtGtEbZNtV9lZkOHdYNg,BLACKPINK,JISOO - â€˜ê½ƒ(FLOWER)â€™ ABC ë„ë ˆë¯¸ë§Œí¼ ì°©í–ˆë˜ ë‚˜ ê·¸ ëˆˆë¹›ì´ ì‹¹ ë³€í–ˆì§€ ì–´ì©Œë©´ ì´ ë˜í•œ ë‚˜ë‹ˆê¹Œ   ë‚œ íŒŒë€ ë‚˜ë¹„ì²˜ëŸ¼ ë‚ ì•„ê°€ ì¡ì§€ ëª»í•œ ê±´ ë‹¤ ë„¤ ëª«ì´ë‹ˆê¹Œ...
Backbenchers - College Life | Ep - 11 | Dora Sai Teja | Varsha Dsouza | Tej India | Infinitum Media,https://www.youtube.com/watch?v=GPusNUmForc,https://i.ytimg.com/vi/GPusNUmForc/hqdefault.jpg?sqp=-oaymwEcCPYBEIoBSFXyq4qpAw4IARUAAIhCGAFwAcABBg==&rs=AOn4CLATKdCJQuMHE576DNm2r6E9OTJ6-g,Tej India,Watch Backbenchers Anthem Full Video Song ğŸ‘‰ ğŸ‘‰ğŸ‘‰ https://youtu.be/NlQMVwKNn_0 Backbenchers are back! But this time they're in the Intercollege with a bigger bang!! Disclaimer: We...
Chatrapathi - Official Teaser | Bellamkonda Sai Sreenivas | Pen Studios | In Cinemas 12 May 2023,https://www.youtube.com/watch?v=zLNHpnE3-KI,,Pen Movies,"Presenting the official teaser of the upcoming Bollywood movie, Chatrapathi introducing Bellamkonda Sai Sreenivas. The film is directed by V.V. Vinayak, Presented by Dr. Jayantilal Gada and..."
Savdhan Haryana | à¤¸à¤¾à¤µà¤§à¤¾à¤¨ à¤‡à¤‚à¤¡à¤¿à¤¯à¤¾ Spoof - Elvish Yadav,https://www.youtube.com/watch?v=rMyQlmocjKQ,,Elvish yadav,"Download the OctaFX Trading App and double your deposit with the promo code ELVISH ğŸ  Press https://bit.ly/OctaFX_ElvishYadav and get 5,000 USD on your demo account! Start getting your..."
"Bathukamma - Kisi Ka Bhai Kisi Ki Jaan | Salman Khan, Pooja Hegde, Venkatesh D | Santhosh V, Ravi B",https://www.youtube.com/watch?v=tdOg8X0RV9I,,Zee Music Company,ğŸ‘‰ğŸ» SUBSCRIBE to Zee Music Company - https://bit.ly/2yPcBkS Song: Bathukamma Movie: Kisi Ka Bhai Kisi Ki Jaan Composer: Ravi Basrur Hindi Lyrics: Shabbir Ahmed & Ravi Basrur Telugu...
Viduthalai Part 1 review by prashanth,https://www.youtube.com/watch?v=y2ITcE9MoOM,,tamilcinemareview,Description link: Call to +917502443434 Whatâ€™s app +917502443434 website https://smileytrips.com Android https://play.google.com/store/apps/details?id=com.smileytrips iOS https://apps.a...
Angrezi Mat Jhaad - New Web Series | Episode 02 | The Screen Patti,https://www.youtube.com/watch?v=VzgGPnI3-cg,,The Screen Patti,"Office Party ka Occasion hai is baar, Sandeep nikla hai todne apni aur crush ke beech bani Angrezi ki deewaar! Kya lagta hai aapko kar paayega woh apni feelings ka izhaar? https://www.adda52.com/pr..."
Katharbasha Endra Muthuramalingam - Official Teaser | Arya | Muthaiya | GVP | Drumsticks Productions,https://www.youtube.com/watch?v=ZM5jZJIIVG4,,Junglee Music Tamil,"#KatharBashaEndraMuthuramalingam #Arya #Muthaiya Movie - KatharBasha Endra Muthuramalingam Cast: Arya, Siddhi Idnani, Prabu, Bhagyaraj, Singampuli, Naren, Tamizh, Madhusudhana Rao, Avinash,..."
Viduthalai Part 1 - Public review | Vetri Maaran | Ilaiyaraaja | Soori | Vijay Sethupathi,https://www.youtube.com/watch?v=05QTBrmWhbQ,,Seithi Malar,#viduthalai #soori #illayaraja WhatsApp : SEITHIMALAR TV PUBLIC 01 ğŸ‘‡ https://chat.whatsapp.com/CmXI69bIJdmK3TbutEkYkn For Advertisement Inquires - Whatsapp +91 78451 49444 SUBSCRIBE NOWğŸ‘‡...
Maidaan Teaser | Ajay Devgn | Amit Sharma | Boney Kapoor | A.R. Rahman | Fresh Lime Films | June 23,https://www.youtube.com/watch?v=08_d4byzPcg,,Zee Studios,#Maidaan mein utrenge Gyarah par dikhenge Ek. A True Story. Teaser out now. #MaidaanTeaser #MaidaanOnJune23 Zee Studios & Bayview Projects In Association With Fresh Lime Films Presents...
